{
  "LSTM": {
    "accuracy": 0.9991091314031181,
    "precision": 0.9987234042553191,
    "recall": 0.9995741056218058,
    "f1": 0.9991485738612176,
    "support": 4490
  },
  "BERT": {
    "accuracy": 0.999554565701559,
    "precision": 0.9995741056218058,
    "recall": 0.9995741056218058,
    "f1": 0.9995741056218058,
    "support": 4490
  },
  "DistilBERT": {
    "accuracy": 0.9988864142538976,
    "precision": 0.9991478483170004,
    "recall": 0.9987223168654173,
    "f1": 0.9989350372736954,
    "support": 4490
  }
}